column,left_unique,right_unique,left_missing_rate,right_missing_rate,left_top_share,right_top_share
age,1090,74,0.0,0.0,0.007828048295077617,0.02729264347576831
hours-per-week,696,91,0.0,0.0,0.38784220069877495,0.45744354128703346
workclass,24,9,0.0,0.0,0.7365220467913848,0.6941913556233492
marital-status,36,7,0.0,0.0,0.4574764495157224,0.4577301857046334
occupation,256,15,0.0,0.0,0.11058776701605413,0.1262873405540427
race,13,5,0.0,0.0,0.8602671266197869,0.855019348498188
sex,2,2,0.0,0.0,0.6750475432311707,0.6684752564443808
native-country,367,42,0.0,0.0,0.8397019149971253,0.8971151286828689
